,gain_share
roll_mean_14,0.46888328764689574
roll_mean_28,0.19146387571785842
roll_mean_7,0.09422117401240879
roll_mean_56,0.05805579858723137
roll_std_28,0.052844557182506795
price,0.029691449790477432
days_since_sale,0.026034490227733544
month,0.02341893169789929
wday,0.023339246379628486
price_ratio,0.005921338848012405
roll_zero_28,0.005365922494143304
lag_0,0.003588036247941171
snap,0.003468834545666324
wd_lag_3,0.0029342646398359427
wd_lag_1,0.0028167934574177887
wd_lag_4,0.0028167222741642107
wd_lag_2,0.0022829896039158444
h,0.0019412338222482876
has_event,0.000586179354870803
lag_1,0.0002135830105523354
lag_2,0.00011129045859170255
