policy,multiplier,segment,fill_rate,stockout_day_share,avg_inventory_units
moving_average,1.0,all,0.7445746779621678,0.1813186813186813,1.7903296703296703
moving_average,1.0,fast,0.7704312804161773,0.23787976729153198,3.148028442146089
moving_average,1.0,intermittent,0.6474780701754386,0.12454212454212454,0.965034965034965
moving_average,1.0,medium,0.7070446735395189,0.1798201798201798,1.2167832167832169
p50,1.0,all,0.6944992456771498,0.22373626373626374,1.444065934065934
p50,1.0,fast,0.7313307601946636,0.2895927601809955,2.479961215255333
p50,1.0,intermittent,0.5701754385964912,0.15484515484515485,0.8155178155178155
p50,1.0,medium,0.6337342497136311,0.22477522477522477,1.0053280053280054
p90,1.0,all,0.9701752350005802,0.01879120879120879,5.858241758241758
p90,1.0,fast,0.9723946970968284,0.022301228183581125,9.702327084680025
p90,1.0,intermittent,0.9610745614035088,0.013653013653013654,3.54978354978355
p90,1.0,medium,0.9673539518900344,0.020313020313020312,4.206127206127206
